{
    "starts": [
        0.0,
        6.52,
        11.6,
        25.58,
        33.7
    ],
    "durations": [
        6.52,
        5.08,
        13.979999999999999,
        8.120000000000005,
        15.739999999999995
    ],
    "total_duration": 49.44
}