{
    "starts": [
        0.0,
        62.82,
        129.18,
        216.72,
        280.12,
        359.74,
        446.56,
        511.66,
        582.4,
        655.28,
        709.28,
        759.52
    ],
    "durations": [
        62.82,
        66.36000000000001,
        87.53999999999999,
        63.400000000000006,
        79.62,
        86.82,
        65.10000000000002,
        70.73999999999995,
        72.88,
        54.0,
        50.24000000000001,
        23.879999999999995
    ],
    "total_duration": 783.4
}