{
    "starts": [
        0.0,
        11.38,
        25.08,
        33.68,
        42.76
    ],
    "durations": [
        11.38,
        13.699999999999998,
        8.600000000000001,
        9.079999999999998,
        16.0
    ],
    "total_duration": 58.76
}