{
    "starts": [
        0.0,
        10.88,
        19.16,
        28.16,
        42.8
    ],
    "durations": [
        10.88,
        8.28,
        9.0,
        14.639999999999997,
        8.700000000000003
    ],
    "total_duration": 51.5
}