{
    "starts": [
        0.0,
        41.5,
        86.96,
        132.96,
        162.62,
        227.89999999999998,
        280.66,
        292.36,
        329.42,
        381.42,
        418.08,
        453.62
    ],
    "durations": [
        41.5,
        45.459999999999994,
        46.000000000000014,
        29.659999999999997,
        65.27999999999997,
        52.76000000000005,
        11.699999999999989,
        37.06,
        52.0,
        36.65999999999997,
        35.54000000000002,
        20.139999999999986
    ],
    "total_duration": 473.76
}