{
    "starts": [
        0.0,
        9.42,
        17.6,
        31.92,
        48.58
    ],
    "durations": [
        9.42,
        8.180000000000001,
        14.32,
        16.659999999999997,
        7.280000000000001
    ],
    "total_duration": 55.86
}