{
    "starts": [
        0.0,
        4.28,
        11.72,
        20.92,
        24.52
    ],
    "durations": [
        4.28,
        7.44,
        9.200000000000001,
        3.599999999999998,
        3.1999999999999993
    ],
    "total_duration": 27.72
}