{
    "starts": [
        0.0,
        11.16,
        19.48,
        32.1,
        39.86
    ],
    "durations": [
        11.16,
        8.32,
        12.620000000000001,
        7.759999999999998,
        1.5200000000000031
    ],
    "total_duration": 41.38
}